name,category,allergens,calories,calorie_unit,missing_calories,unit_issue,id
Acorn Squash,AGkrf7qgPeTfLf0inX2Y,,115,hDLlytRxUGrHJowCsjbT,,UNKNOWN UNIT: hDLlytRxUGrHJowCsjbT,WNUULFqyPty2k2jGWGSh
Active Dry Yeast,BMIrCHKScNU3abUmVkuv,,3,T6WPD7zkddmFHN2uxAMJ,,UNKNOWN UNIT: T6WPD7zkddmFHN2uxAMJ,QkgWVAvlpwU2x3Yyd7ta
All-Purpose Flour,BMIrCHKScNU3abUmVkuv,VTw2cvK1qDEp6ohVBMCT,28,k4Ni3YyE4nqP94ELwnjG,,UNKNOWN UNIT: k4Ni3YyE4nqP94ELwnjG,r4Cx7Ye8en0zmDI5dcFf
Allspice,bcypMARswiOWsaeH6zMB,,,,YES,,EsZUGxKSKmjDEtslYQpJ
Almond Butter,BveAgdiS6rrth7zZX32G,oFyx2ysZTeaMzjlKR5iE|b3gz741WuPlrd23Pf3R1,102,k4Ni3YyE4nqP94ELwnjG,,UNKNOWN UNIT: k4Ni3YyE4nqP94ELwnjG,D2oo6MIOeQCpl4Qf3tZn
Almond Extract,Qx1JjwWIE0kKIzUNsFFc,b3gz741WuPlrd23Pf3R1,40,k4Ni3YyE4nqP94ELwnjG,,UNKNOWN UNIT: k4Ni3YyE4nqP94ELwnjG,QTi8Etcx4a5mCl2qlanM
Almond Flour,BMIrCHKScNU3abUmVkuv,b3gz741WuPlrd23Pf3R1|VTw2cvK1qDEp6ohVBMCT,40,k4Ni3YyE4nqP94ELwnjG,,UNKNOWN UNIT: k4Ni3YyE4nqP94ELwnjG,xfeO2CeN8h9uMeR9DFHv
Almonds,BveAgdiS6rrth7zZX32G,b3gz741WuPlrd23Pf3R1,40,k4Ni3YyE4nqP94ELwnjG,,UNKNOWN UNIT: k4Ni3YyE4nqP94ELwnjG,zWoLipuD0xtsHKwHezJI
Anchovies,1C1EvDHavQbfHRv5zMrS,,42,Vt4ZmN7FYHf5NcuDmx9y,,UNKNOWN UNIT: Vt4ZmN7FYHf5NcuDmx9y,xtrYbIjOrZKjhYb13HX5
Apple Cider Vinegar,gTjFOMpKzT8Ebfp5gLhW,,3,k4Ni3YyE4nqP94ELwnjG,,UNKNOWN UNIT: k4Ni3YyE4nqP94ELwnjG,yN8NdrxwOrv1sJOH2wqf
Apples,8CTHsv71Qz8vlypODCDJ,,95,gSgL7mUWGzd3wXRH9Bxv,,UNKNOWN UNIT: gSgL7mUWGzd3wXRH9Bxv,RmySResdrHGUy4OKgyUE
Arborio Rice,rEuRQP6cACC7VDlP5t3a,,37,k4Ni3YyE4nqP94ELwnjG,,UNKNOWN UNIT: k4Ni3YyE4nqP94ELwnjG,KNa0ZeOYyWBQ4kDjzbMM
Arrowroot Powder,BMIrCHKScNU3abUmVkuv,,29,k4Ni3YyE4nqP94ELwnjG,,UNKNOWN UNIT: k4Ni3YyE4nqP94ELwnjG,uGXxUbuQ0L3LAyuTOLtW
Artichoke Hearts,AGkrf7qgPeTfLf0inX2Y,,45,hDLlytRxUGrHJowCsjbT,,UNKNOWN UNIT: hDLlytRxUGrHJowCsjbT,l8lo968qDyzjFgdFiVBl
Arugula,AGkrf7qgPeTfLf0inX2Y,,5,hDLlytRxUGrHJowCsjbT,,UNKNOWN UNIT: hDLlytRxUGrHJowCsjbT,Jd67HM2zg5hiSjQSYdtW
Asparagus,AGkrf7qgPeTfLf0inX2Y,,27,hDLlytRxUGrHJowCsjbT,,UNKNOWN UNIT: hDLlytRxUGrHJowCsjbT,dPubqQ5yfAk0RIJiKfPs
Avacado,AGkrf7qgPeTfLf0inX2Y,,240,gSgL7mUWGzd3wXRH9Bxv,,UNKNOWN UNIT: gSgL7mUWGzd3wXRH9Bxv,NXgZMZbeNPAEsPlri3yq
Avocado,8CTHsv71Qz8vlypODCDJ,,240,gSgL7mUWGzd3wXRH9Bxv,,UNKNOWN UNIT: gSgL7mUWGzd3wXRH9Bxv,6ybW8N1kTm5PoW7kMpxK
Avocado Oil,53HcWqmNeMcAgrjuEZ11,,120,k4Ni3YyE4nqP94ELwnjG,,UNKNOWN UNIT: k4Ni3YyE4nqP94ELwnjG,d510GMwYMSoPZkxDD4X8
Bacon,mvzNaHx1UuU5f3HH2WoJ,,43,2jJlCvNHXMz9vOeovOxi,,UNKNOWN UNIT: 2jJlCvNHXMz9vOeovOxi,tVd0qCNCjQqPI3W5Y1HZ
Bagels,6ByBuJQwgq1lXIHLHOvV,,270,gSgL7mUWGzd3wXRH9Bxv,,UNKNOWN UNIT: gSgL7mUWGzd3wXRH9Bxv,GmxtRyoOJzBpHB3zYP7a
Baking Powder,BMIrCHKScNU3abUmVkuv,,2,T6WPD7zkddmFHN2uxAMJ,,UNKNOWN UNIT: T6WPD7zkddmFHN2uxAMJ,ESiQJ5lkQCmY4HNNKNLG
Baking Soda,BMIrCHKScNU3abUmVkuv,,,T6WPD7zkddmFHN2uxAMJ,YES,UNKNOWN UNIT: T6WPD7zkddmFHN2uxAMJ,UKXvAHiwb2U3lZtkPH5d
Balsamic Glaze,O2Z02HKKf9JTtoeiQh5x,,20,k4Ni3YyE4nqP94ELwnjG,,UNKNOWN UNIT: k4Ni3YyE4nqP94ELwnjG,mWOJYKXyn4qkVejOvpbO
Balsamic Vinegar,gTjFOMpKzT8Ebfp5gLhW,,14,k4Ni3YyE4nqP94ELwnjG,,UNKNOWN UNIT: k4Ni3YyE4nqP94ELwnjG,da34espZC7QLOKlNHPdT
Bananas,8CTHsv71Qz8vlypODCDJ,,105,gSgL7mUWGzd3wXRH9Bxv,,UNKNOWN UNIT: gSgL7mUWGzd3wXRH9Bxv,cd3pk9wexcdWIMVJ6x9B
Barley,rEuRQP6cACC7VDlP5t3a,VTw2cvK1qDEp6ohVBMCT,193,hDLlytRxUGrHJowCsjbT,,UNKNOWN UNIT: hDLlytRxUGrHJowCsjbT,F97MQDfguR1zGaZLRs19
Basil Dried,bcypMARswiOWsaeH6zMB,,,,YES,,IAOYxVTuNLidC3SUgLE3
Basil Fresh,bcypMARswiOWsaeH6zMB,,,,YES,,TUuZLG8mB30U5fMU9VvR
Basmati Rice,rEuRQP6cACC7VDlP5t3a,,37,k4Ni3YyE4nqP94ELwnjG,,UNKNOWN UNIT: k4Ni3YyE4nqP94ELwnjG,e8kUOM2Jv7DU0S5vAZVC
Bay Leaves,bcypMARswiOWsaeH6zMB,,,,YES,,rudusg8m4CLKts57blNq
Beef Brisket,mvzNaHx1UuU5f3HH2WoJ,,74,Vt4ZmN7FYHf5NcuDmx9y,,UNKNOWN UNIT: Vt4ZmN7FYHf5NcuDmx9y,Mn39ZnFNPVHNDn4detau
Beef Broth,5pGEfBRwBluSytngrPAX,,17,hDLlytRxUGrHJowCsjbT,,UNKNOWN UNIT: hDLlytRxUGrHJowCsjbT,Hwqw8PgUNzX57AzuRUwK
Beef Short Ribs,mvzNaHx1UuU5f3HH2WoJ,,80,Vt4ZmN7FYHf5NcuDmx9y,,UNKNOWN UNIT: Vt4ZmN7FYHf5NcuDmx9y,eDGwzuVtKUnSzImEVChN
Beef Tenderloin,mvzNaHx1UuU5f3HH2WoJ,,54,Vt4ZmN7FYHf5NcuDmx9y,,UNKNOWN UNIT: Vt4ZmN7FYHf5NcuDmx9y,M62ZnA6XB7JU4Y1jCOCz
Beer,gTjFOMpKzT8Ebfp5gLhW,,153,hDLlytRxUGrHJowCsjbT,,UNKNOWN UNIT: hDLlytRxUGrHJowCsjbT,a4BR8RfoVTKfbBEm8INe
Beets,AGkrf7qgPeTfLf0inX2Y,,59,hDLlytRxUGrHJowCsjbT,,UNKNOWN UNIT: hDLlytRxUGrHJowCsjbT,YH54ySynlRKk4UCZPaBu
Bell Pepper Green,AGkrf7qgPeTfLf0inX2Y,,31,hDLlytRxUGrHJowCsjbT,,UNKNOWN UNIT: hDLlytRxUGrHJowCsjbT,u9MCsO7N2ybZ6dcm2IwF
Bell Pepper Red,AGkrf7qgPeTfLf0inX2Y,,46,hDLlytRxUGrHJowCsjbT,,UNKNOWN UNIT: hDLlytRxUGrHJowCsjbT,tBeBzR2RGtRTUGsP0mcY
Bell Pepper Yellow,AGkrf7qgPeTfLf0inX2Y,,50,hDLlytRxUGrHJowCsjbT,,UNKNOWN UNIT: hDLlytRxUGrHJowCsjbT,FOfQy4pKy628fcwepW5n
Black Beans,hjvfckqseJmesnlp0UT5,,38,k4Ni3YyE4nqP94ELwnjG,,UNKNOWN UNIT: k4Ni3YyE4nqP94ELwnjG,zAqpkOGSuWIhJ6CmEdLV
Black Pepper,bcypMARswiOWsaeH6zMB,,,,YES,,Y42A5HhPpambKW7Kv2I6
Blackberries,8CTHsv71Qz8vlypODCDJ,,62,hDLlytRxUGrHJowCsjbT,,UNKNOWN UNIT: hDLlytRxUGrHJowCsjbT,XKnoCvT7H52EhTmO2oZz
Blueberries,8CTHsv71Qz8vlypODCDJ,,84,hDLlytRxUGrHJowCsjbT,,UNKNOWN UNIT: hDLlytRxUGrHJowCsjbT,bY2ls5aihYCWbRs61gYV
Bourbon,tt9RfEe3A4PHNw4T7Dz2,,70,vtM0l5WIwsRczGUbiI08,,UNKNOWN UNIT: vtM0l5WIwsRczGUbiI08,Z0sOmwJu5xO6ZmuRLFp9
Brandy,tt9RfEe3A4PHNw4T7Dz2,,65,vtM0l5WIwsRczGUbiI08,,UNKNOWN UNIT: vtM0l5WIwsRczGUbiI08,PTyNuJTLr0GzYuWMUbFx
Brazil Nuts,BveAgdiS6rrth7zZX32G,b3gz741WuPlrd23Pf3R1,186,Vt4ZmN7FYHf5NcuDmx9y,,UNKNOWN UNIT: Vt4ZmN7FYHf5NcuDmx9y,FbUqho23nfO0m1wugPqt
Bread Flour,BMIrCHKScNU3abUmVkuv,VTw2cvK1qDEp6ohVBMCT,28,k4Ni3YyE4nqP94ELwnjG,,UNKNOWN UNIT: k4Ni3YyE4nqP94ELwnjG,BrVLKgqmb3ORddF4fZjb
Breadcrumbs Panko,rEuRQP6cACC7VDlP5t3a,VTw2cvK1qDEp6ohVBMCT,30,k4Ni3YyE4nqP94ELwnjG,,UNKNOWN UNIT: k4Ni3YyE4nqP94ELwnjG,RgaSgfD9hJkjhStr9sta
Breadcrumbs Plain,rEuRQP6cACC7VDlP5t3a,VTw2cvK1qDEp6ohVBMCT,30,k4Ni3YyE4nqP94ELwnjG,,UNKNOWN UNIT: k4Ni3YyE4nqP94ELwnjG,G1H5jbuFgKB0Ytio23oq
Breakfast Sausage,mvzNaHx1UuU5f3HH2WoJ,,90,Vt4ZmN7FYHf5NcuDmx9y,,UNKNOWN UNIT: Vt4ZmN7FYHf5NcuDmx9y,m68RxbR4mTr6GEufS6eI
Brioche,6ByBuJQwgq1lXIHLHOvV,,90,2jJlCvNHXMz9vOeovOxi,,UNKNOWN UNIT: 2jJlCvNHXMz9vOeovOxi,R86PMlfMiM5pseeewvcy
Broccoli,AGkrf7qgPeTfLf0inX2Y,,31,hDLlytRxUGrHJowCsjbT,,UNKNOWN UNIT: hDLlytRxUGrHJowCsjbT,EJdDilSaMXiQhDk55RLK
Brown Rice,rEuRQP6cACC7VDlP5t3a,,37,k4Ni3YyE4nqP94ELwnjG,,UNKNOWN UNIT: k4Ni3YyE4nqP94ELwnjG,0CJK281oKFtfRWyXLQdD
Brown Sugar Dark,BMIrCHKScNU3abUmVkuv,,46,k4Ni3YyE4nqP94ELwnjG,,UNKNOWN UNIT: k4Ni3YyE4nqP94ELwnjG,dM9Rbewe4c6JzCBnLpi4
Brown Sugar Light,BMIrCHKScNU3abUmVkuv,,46,k4Ni3YyE4nqP94ELwnjG,,UNKNOWN UNIT: k4Ni3YyE4nqP94ELwnjG,FFQYFu86CtqArL6AJM8O
Brussels Sprouts,AGkrf7qgPeTfLf0inX2Y,,38,hDLlytRxUGrHJowCsjbT,,UNKNOWN UNIT: hDLlytRxUGrHJowCsjbT,J2eoBvcKsWoTE0ygdn5J
Butter Salted,7cJ3IVlwpr2uaEF6C6wc,oFyx2ysZTeaMzjlKR5iE,102,k4Ni3YyE4nqP94ELwnjG,,UNKNOWN UNIT: k4Ni3YyE4nqP94ELwnjG,prdgxf4frz5lGBgszk3M
Butter Unsalted,7cJ3IVlwpr2uaEF6C6wc,oFyx2ysZTeaMzjlKR5iE,102,k4Ni3YyE4nqP94ELwnjG,,UNKNOWN UNIT: k4Ni3YyE4nqP94ELwnjG,ao4wJOQkO8A25KTgUzbs
Buttermilk,7cJ3IVlwpr2uaEF6C6wc,oFyx2ysZTeaMzjlKR5iE,12,,,HAS CALORIES BUT NO UNIT,OiXYCqATX1qwP7l9yCdj
Butternut Squash,AGkrf7qgPeTfLf0inX2Y,oFyx2ysZTeaMzjlKR5iE,102,k4Ni3YyE4nqP94ELwnjG,,UNKNOWN UNIT: k4Ni3YyE4nqP94ELwnjG,9X2DbtvbxUWc1KsZsNCM
Butterscotch Chips,szKtrvchbpNUZ7a9La3l,oFyx2ysZTeaMzjlKR5iE,102,k4Ni3YyE4nqP94ELwnjG,,UNKNOWN UNIT: k4Ni3YyE4nqP94ELwnjG,aE6w0lQi0odw9JwcsswX
Cabbage Green,AGkrf7qgPeTfLf0inX2Y,,22,hDLlytRxUGrHJowCsjbT,,UNKNOWN UNIT: hDLlytRxUGrHJowCsjbT,RgFc8PYmdY7iYIg0otwq
Cabbage Red,AGkrf7qgPeTfLf0inX2Y,,28,hDLlytRxUGrHJowCsjbT,,UNKNOWN UNIT: hDLlytRxUGrHJowCsjbT,CrQIsUuqNqBN6yXkGpvc
Caesar Dressing,O2Z02HKKf9JTtoeiQh5x,,78,k4Ni3YyE4nqP94ELwnjG,,UNKNOWN UNIT: k4Ni3YyE4nqP94ELwnjG,k2bkGG5oSE0oOZjauazD
Cake Flour,BMIrCHKScNU3abUmVkuv,VTw2cvK1qDEp6ohVBMCT,25,k4Ni3YyE4nqP94ELwnjG,,UNKNOWN UNIT: k4Ni3YyE4nqP94ELwnjG,UJf7PjNJjMsRjxLCz0k9
Cake Mix,BMIrCHKScNU3abUmVkuv,bgFLzxDbMei3DVFXnE8Z|oFyx2ysZTeaMzjlKR5iE|VTw2cvK1qDEp6ohVBMCT,1700,1e7cuJcJwDcNvPno6b19,,UNKNOWN UNIT: 1e7cuJcJwDcNvPno6b19,mRGSfE4pdUS07qn4YFyj
Candy Canes,szKtrvchbpNUZ7a9La3l,,60,gSgL7mUWGzd3wXRH9Bxv,,UNKNOWN UNIT: gSgL7mUWGzd3wXRH9Bxv,XnOTSa7kV4BpixyxL0sU
Cannellini Beans,hjvfckqseJmesnlp0UT5,,255,hDLlytRxUGrHJowCsjbT,,UNKNOWN UNIT: hDLlytRxUGrHJowCsjbT,mEy1e52AwrIwmH5n9WlT
Canola Oil,53HcWqmNeMcAgrjuEZ11,,124,k4Ni3YyE4nqP94ELwnjG,,UNKNOWN UNIT: k4Ni3YyE4nqP94ELwnjG,iMItD1wtSWVl71uMuOEP
Cantaloupe,8CTHsv71Qz8vlypODCDJ,,54,hDLlytRxUGrHJowCsjbT,,UNKNOWN UNIT: hDLlytRxUGrHJowCsjbT,SMDTDLC2N3Z3cHVlt1TN
Caramel Bits,szKtrvchbpNUZ7a9La3l,,70,k4Ni3YyE4nqP94ELwnjG,,UNKNOWN UNIT: k4Ni3YyE4nqP94ELwnjG,wC1xn6Y4vZLwf00gzADR
Cardamom,bcypMARswiOWsaeH6zMB,,,,YES,,AP8s12IrxwBldhcPYNnn
Carrots,AGkrf7qgPeTfLf0inX2Y,,12,Vt4ZmN7FYHf5NcuDmx9y,,UNKNOWN UNIT: Vt4ZmN7FYHf5NcuDmx9y,BkybPIypHPzuEb1d3VyO
Cashew Butter,BveAgdiS6rrth7zZX32G,oFyx2ysZTeaMzjlKR5iE|b3gz741WuPlrd23Pf3R1,102,k4Ni3YyE4nqP94ELwnjG,,UNKNOWN UNIT: k4Ni3YyE4nqP94ELwnjG,4hetC50ZtNxsV5CqS65o
Cashews,BveAgdiS6rrth7zZX32G,b3gz741WuPlrd23Pf3R1,42,k4Ni3YyE4nqP94ELwnjG,,UNKNOWN UNIT: k4Ni3YyE4nqP94ELwnjG,xA5fTlNvTyHCI6C9kS2C
Cauliflower,AGkrf7qgPeTfLf0inX2Y,,27,hDLlytRxUGrHJowCsjbT,,UNKNOWN UNIT: hDLlytRxUGrHJowCsjbT,jDbbQf8viCs00j2XDkXM
Cayenne Pepper,bcypMARswiOWsaeH6zMB,,,,YES,,B9MlbmWV5oaAL54vpYNk
Celery,AGkrf7qgPeTfLf0inX2Y,,16,hDLlytRxUGrHJowCsjbT,,UNKNOWN UNIT: hDLlytRxUGrHJowCsjbT,rx6eo7YT7PnaIBO2ZOJx
Cheddar Cheese,7cJ3IVlwpr2uaEF6C6wc,oFyx2ysZTeaMzjlKR5iE,114,Vt4ZmN7FYHf5NcuDmx9y,,UNKNOWN UNIT: Vt4ZmN7FYHf5NcuDmx9y,qwLneahNSKwsd5OZnAtk
Cherries,8CTHsv71Qz8vlypODCDJ,,87,hDLlytRxUGrHJowCsjbT,,UNKNOWN UNIT: hDLlytRxUGrHJowCsjbT,caRVSWTrdNBM1iBknSiI
Cherry Tomatoes,AGkrf7qgPeTfLf0inX2Y,,27,hDLlytRxUGrHJowCsjbT,,UNKNOWN UNIT: hDLlytRxUGrHJowCsjbT,1vRZAp1QrOhEvXtchrya
Chicken Breast,TE79MtKEePkUqPCWo4u3,,165,Vt4ZmN7FYHf5NcuDmx9y,,UNKNOWN UNIT: Vt4ZmN7FYHf5NcuDmx9y,iMYSC9M1nYv38rFfvQOC
Chicken Broth,5pGEfBRwBluSytngrPAX,,15,hDLlytRxUGrHJowCsjbT,,UNKNOWN UNIT: hDLlytRxUGrHJowCsjbT,CnN0AFDe0UGNbXFsT8BP
Chicken Drumsticks,TE79MtKEePkUqPCWo4u3,,47,Vt4ZmN7FYHf5NcuDmx9y,,UNKNOWN UNIT: Vt4ZmN7FYHf5NcuDmx9y,xcY14eb5GlZvDQu6VBaf
Chicken Thighs,TE79MtKEePkUqPCWo4u3,,53,Vt4ZmN7FYHf5NcuDmx9y,,UNKNOWN UNIT: Vt4ZmN7FYHf5NcuDmx9y,Ht0TKpH43O1jtve2T6bB
Chicken Wings,TE79MtKEePkUqPCWo4u3,,56,Vt4ZmN7FYHf5NcuDmx9y,,UNKNOWN UNIT: Vt4ZmN7FYHf5NcuDmx9y,fkuyV5YOmioCjbhLqvjI
Chickpeas,hjvfckqseJmesnlp0UT5,,45,k4Ni3YyE4nqP94ELwnjG,,UNKNOWN UNIT: k4Ni3YyE4nqP94ELwnjG,plXjJgEB4AiPEsacCJdm
Chili Powder,bcypMARswiOWsaeH6zMB,,,,YES,,W9FLyf1u2IInin3jHH3c
Chives,bcypMARswiOWsaeH6zMB,,,,YES,,DcZ6GYYWL6yQV2u8yStw
Chuck Roast,mvzNaHx1UuU5f3HH2WoJ,,70,Vt4ZmN7FYHf5NcuDmx9y,,UNKNOWN UNIT: Vt4ZmN7FYHf5NcuDmx9y,zHbmoE9K22w3PgWTdXI1
Cilantro,bcypMARswiOWsaeH6zMB,,,,YES,,foYoaBkulhyEfNAlLlbB
Cinnamon Ground,bcypMARswiOWsaeH6zMB,,,,YES,,kjM7FQ6fCOerxpl1UJJw
Cinnamon Sticks,bcypMARswiOWsaeH6zMB,,,,YES,,pcSQ3F0r617OlijWwcDl
Clams,1C1EvDHavQbfHRv5zMrS,95MQFeWPV90vOQ718SHy,42,Vt4ZmN7FYHf5NcuDmx9y,,UNKNOWN UNIT: Vt4ZmN7FYHf5NcuDmx9y,76u13RvCh9ndN7EqjBI4
Cloves Ground,bcypMARswiOWsaeH6zMB,,,,YES,,vDiS73mkbnuIRB2dcqfJ
Cloves Whole,bcypMARswiOWsaeH6zMB,,,,YES,,YVHvPtIyIZog8oQH9ptZ
Cocoa Powder Dutch Process,BMIrCHKScNU3abUmVkuv,,12,k4Ni3YyE4nqP94ELwnjG,,UNKNOWN UNIT: k4Ni3YyE4nqP94ELwnjG,AmT1ISn80v2e4rmef73G
Cocoa Powder Unsweetened,BMIrCHKScNU3abUmVkuv,,12,k4Ni3YyE4nqP94ELwnjG,,UNKNOWN UNIT: k4Ni3YyE4nqP94ELwnjG,ZqiYZv0yzOLyE1nVXFpD
Coconut,8CTHsv71Qz8vlypODCDJ,,283,hDLlytRxUGrHJowCsjbT,,UNKNOWN UNIT: hDLlytRxUGrHJowCsjbT,Na2CnQb9EmPULX6KCN56
Coconut Milk,5pGEfBRwBluSytngrPAX,oFyx2ysZTeaMzjlKR5iE,15,k4Ni3YyE4nqP94ELwnjG,,UNKNOWN UNIT: k4Ni3YyE4nqP94ELwnjG,ysDuoAGCfHY3JUnOMfHY
Coconut Oil,53HcWqmNeMcAgrjuEZ11,,121,k4Ni3YyE4nqP94ELwnjG,,UNKNOWN UNIT: k4Ni3YyE4nqP94ELwnjG,r5xePWrieP0qxOM8ID6a
Cod Fillet,1C1EvDHavQbfHRv5zMrS,aeUxtlHx6r4PRb6yXQ1v,30,Vt4ZmN7FYHf5NcuDmx9y,,UNKNOWN UNIT: Vt4ZmN7FYHf5NcuDmx9y,x8cpAhyR8P8kQF75da3n
Coffee Brewed,wSzJfQUIijBqGMuso3D1,,2,hDLlytRxUGrHJowCsjbT,,UNKNOWN UNIT: hDLlytRxUGrHJowCsjbT,Jh2SW0Bqw7KET0ksBwIJ
Coffee Espresso,wSzJfQUIijBqGMuso3D1,,5,hDLlytRxUGrHJowCsjbT,,UNKNOWN UNIT: hDLlytRxUGrHJowCsjbT,FKls2wlbg5g3h4v0yL4s
Cooking Spray,53HcWqmNeMcAgrjuEZ11,,,gSgL7mUWGzd3wXRH9Bxv,YES,UNKNOWN UNIT: gSgL7mUWGzd3wXRH9Bxv,mkjCbiYaoJYo74kF9iBi
Coolwhip,7cJ3IVlwpr2uaEF6C6wc,,25,k4Ni3YyE4nqP94ELwnjG,,UNKNOWN UNIT: k4Ni3YyE4nqP94ELwnjG,XjBxyxNsCdCbiLxB8gYw
Coriander Ground,bcypMARswiOWsaeH6zMB,,,,YES,,hgQK8JTHlkyhkiTgatyf
Corn,AGkrf7qgPeTfLf0inX2Y,,132,hDLlytRxUGrHJowCsjbT,,UNKNOWN UNIT: hDLlytRxUGrHJowCsjbT,1wT1uwsZS0eP2wEkiLSn
Corn Syrup Dark,BMIrCHKScNU3abUmVkuv,,57,k4Ni3YyE4nqP94ELwnjG,,UNKNOWN UNIT: k4Ni3YyE4nqP94ELwnjG,mCUOkb4DTKahG842YCcd
Corn Syrup Light,BMIrCHKScNU3abUmVkuv,,57,k4Ni3YyE4nqP94ELwnjG,,UNKNOWN UNIT: k4Ni3YyE4nqP94ELwnjG,BTEfBBNtqeWPgsu3HU7S
Corn Tortillas,6ByBuJQwgq1lXIHLHOvV,VTw2cvK1qDEp6ohVBMCT,52,gSgL7mUWGzd3wXRH9Bxv,,UNKNOWN UNIT: gSgL7mUWGzd3wXRH9Bxv,gr5bkHGycF5DwZZKDazX
Cornmeal,rEuRQP6cACC7VDlP5t3a,,110,hDLlytRxUGrHJowCsjbT,,UNKNOWN UNIT: hDLlytRxUGrHJowCsjbT,BVzNGsWwt9BcpsMfdjA2
Cornstarch,BMIrCHKScNU3abUmVkuv,,30,k4Ni3YyE4nqP94ELwnjG,,UNKNOWN UNIT: k4Ni3YyE4nqP94ELwnjG,IcVu9bcsdHX6h5k7jav1
Couscous,rEuRQP6cACC7VDlP5t3a,VTw2cvK1qDEp6ohVBMCT,36,k4Ni3YyE4nqP94ELwnjG,,UNKNOWN UNIT: k4Ni3YyE4nqP94ELwnjG,uZwLw7bfJ6A2gldjuLlr
Crab Meat,1C1EvDHavQbfHRv5zMrS,95MQFeWPV90vOQ718SHy,28,Vt4ZmN7FYHf5NcuDmx9y,,UNKNOWN UNIT: Vt4ZmN7FYHf5NcuDmx9y,YVWh02FnHBcGBuuubzvH
Cream Cheese,7cJ3IVlwpr2uaEF6C6wc,oFyx2ysZTeaMzjlKR5iE,50,k4Ni3YyE4nqP94ELwnjG,,UNKNOWN UNIT: k4Ni3YyE4nqP94ELwnjG,fTBn1UaafGBpYWojk9WM
Cream of Tartar,BMIrCHKScNU3abUmVkuv,oFyx2ysZTeaMzjlKR5iE,2,T6WPD7zkddmFHN2uxAMJ,,UNKNOWN UNIT: T6WPD7zkddmFHN2uxAMJ,HsblhvExrL8Ybpe1TyfE
Crescent Roll Dough,6ByBuJQwgq1lXIHLHOvV,,100,gSgL7mUWGzd3wXRH9Bxv,,UNKNOWN UNIT: gSgL7mUWGzd3wXRH9Bxv,yw9z4L82lf0YR7edkgQq
Cucumber,AGkrf7qgPeTfLf0inX2Y,,16,hDLlytRxUGrHJowCsjbT,,UNKNOWN UNIT: hDLlytRxUGrHJowCsjbT,hwsDJQrqWWDEnzlr99qp
Cumin Ground,bcypMARswiOWsaeH6zMB,,,,YES,,NZTC3R3dKslLO7bgTYCP
Cumin Seeds,bcypMARswiOWsaeH6zMB,,,,YES,,3A26rfde6LoMPJFlcX8P
Dark Chocolate Bar,szKtrvchbpNUZ7a9La3l,,50,Vt4ZmN7FYHf5NcuDmx9y,,UNKNOWN UNIT: Vt4ZmN7FYHf5NcuDmx9y,hdosJ8lWZAOLflR0CyHy
Dark Chocolate Chips,szKtrvchbpNUZ7a9La3l,,70,k4Ni3YyE4nqP94ELwnjG,,UNKNOWN UNIT: k4Ni3YyE4nqP94ELwnjG,a5pfG1cI47mOJ4QTLpON
Dates,8CTHsv71Qz8vlypODCDJ,,20,gSgL7mUWGzd3wXRH9Bxv,,UNKNOWN UNIT: gSgL7mUWGzd3wXRH9Bxv,9VwykMkCpLPLjFFd1cfK
Diced Tomatoes Canned,5pGEfBRwBluSytngrPAX,,41,hDLlytRxUGrHJowCsjbT,,UNKNOWN UNIT: hDLlytRxUGrHJowCsjbT,SOs0dZWPX3sZ2rMMIVIU
Dijon Mustard,O2Z02HKKf9JTtoeiQh5x,,15,k4Ni3YyE4nqP94ELwnjG,,UNKNOWN UNIT: k4Ni3YyE4nqP94ELwnjG,5NJMxy6MfhuDXZ9O81Om
Dill Dried,bcypMARswiOWsaeH6zMB,,,,YES,,BfV3uQpUa1T4aGGvlQw9
Dill Fresh,bcypMARswiOWsaeH6zMB,,,,YES,,gJ9PIrN42DS6MyjgmmJW
Dried Cranberries,8CTHsv71Qz8vlypODCDJ,,123,hDLlytRxUGrHJowCsjbT,,UNKNOWN UNIT: hDLlytRxUGrHJowCsjbT,e6vA6am7G65kkba93Ed8
Duck Breast,TE79MtKEePkUqPCWo4u3,,57,Vt4ZmN7FYHf5NcuDmx9y,,UNKNOWN UNIT: Vt4ZmN7FYHf5NcuDmx9y,gmzn5wN5K0fabS5Uf2Iz
Edamame,hjvfckqseJmesnlp0UT5,xpu4JD0LqL2P0IJ9wCOB,189,hDLlytRxUGrHJowCsjbT,,UNKNOWN UNIT: hDLlytRxUGrHJowCsjbT,DoqsEDOnN3IL4t3AIQDI
Egg Noodles,rEuRQP6cACC7VDlP5t3a,bgFLzxDbMei3DVFXnE8Z|VTw2cvK1qDEp6ohVBMCT,72,A5J11sxF8AMuxHk6Bk3Q,,UNKNOWN UNIT: A5J11sxF8AMuxHk6Bk3Q,SjC4INCow3vMQpTQl6xY
Egg Whites,ecOxo0PUi5PQzcSSn2xO,bgFLzxDbMei3DVFXnE8Z,17,A5J11sxF8AMuxHk6Bk3Q,,UNKNOWN UNIT: A5J11sxF8AMuxHk6Bk3Q,8GXsGCtBvb13W7CjLpUX
Egg Yolks,ecOxo0PUi5PQzcSSn2xO,bgFLzxDbMei3DVFXnE8Z,55,A5J11sxF8AMuxHk6Bk3Q,,UNKNOWN UNIT: A5J11sxF8AMuxHk6Bk3Q,5k09mSoZClsT3SFHXolc
Eggplant,AGkrf7qgPeTfLf0inX2Y,bgFLzxDbMei3DVFXnE8Z,72,A5J11sxF8AMuxHk6Bk3Q,,UNKNOWN UNIT: A5J11sxF8AMuxHk6Bk3Q,RoDIzwLH50QljjUN9KSE
Eggs,ecOxo0PUi5PQzcSSn2xO,bgFLzxDbMei3DVFXnE8Z,72,A5J11sxF8AMuxHk6Bk3Q,,UNKNOWN UNIT: A5J11sxF8AMuxHk6Bk3Q,CHM6ROx8g84xCdOQB9pd
Eggs Extra Large,ecOxo0PUi5PQzcSSn2xO,bgFLzxDbMei3DVFXnE8Z,72,A5J11sxF8AMuxHk6Bk3Q,,UNKNOWN UNIT: A5J11sxF8AMuxHk6Bk3Q,b5jf3DAQahZzmT8zWF3c
Eggs Large,ecOxo0PUi5PQzcSSn2xO,bgFLzxDbMei3DVFXnE8Z,72,A5J11sxF8AMuxHk6Bk3Q,,UNKNOWN UNIT: A5J11sxF8AMuxHk6Bk3Q,d3qBxEzhtpU37D4Vld18
English Muffins,6ByBuJQwgq1lXIHLHOvV,,132,gSgL7mUWGzd3wXRH9Bxv,,UNKNOWN UNIT: gSgL7mUWGzd3wXRH9Bxv,Uvvhj6ZG81ZlKBqjMOen
Evaporated Milk,7cJ3IVlwpr2uaEF6C6wc,oFyx2ysZTeaMzjlKR5iE,7,k4Ni3YyE4nqP94ELwnjG,,UNKNOWN UNIT: k4Ni3YyE4nqP94ELwnjG,N9e0b9TlSpZ1y88myN3k
Everything Bagel Seasoning,bcypMARswiOWsaeH6zMB,,,,YES,,rXjhBKbesnRHdso5O6SE
Extra Virgin Olive Oil,53HcWqmNeMcAgrjuEZ11,,119,k4Ni3YyE4nqP94ELwnjG,,UNKNOWN UNIT: k4Ni3YyE4nqP94ELwnjG,U6Qz711dMCaOBk9owckz
Feta Cheese,7cJ3IVlwpr2uaEF6C6wc,oFyx2ysZTeaMzjlKR5iE,75,Vt4ZmN7FYHf5NcuDmx9y,,UNKNOWN UNIT: Vt4ZmN7FYHf5NcuDmx9y,UUcyiUlI3SLgPMbXt3SX
Fettuccine,rEuRQP6cACC7VDlP5t3a,,220,hDLlytRxUGrHJowCsjbT,,UNKNOWN UNIT: hDLlytRxUGrHJowCsjbT,xxvLyCzh2IKJYv29sE7a
Fish Sauce,5pGEfBRwBluSytngrPAX,,6,k4Ni3YyE4nqP94ELwnjG,,UNKNOWN UNIT: k4Ni3YyE4nqP94ELwnjG,b9wttsVXjunLTXxXoWg5
Flank Steak,mvzNaHx1UuU5f3HH2WoJ,,55,Vt4ZmN7FYHf5NcuDmx9y,,UNKNOWN UNIT: Vt4ZmN7FYHf5NcuDmx9y,o5V1Yu7kbB7kZfmcyHky
Flour Tortillas,6ByBuJQwgq1lXIHLHOvV,VTw2cvK1qDEp6ohVBMCT,28,k4Ni3YyE4nqP94ELwnjG,,UNKNOWN UNIT: k4Ni3YyE4nqP94ELwnjG,ilyTxLkAtFtNyzei79O7
Freeze Dried Fruit,8CTHsv71Qz8vlypODCDJ,,35,gSgL7mUWGzd3wXRH9Bxv,,UNKNOWN UNIT: gSgL7mUWGzd3wXRH9Bxv,g95a1YrWI3zFWhRML6YF
French Bread,6ByBuJQwgq1lXIHLHOvV,,185,2jJlCvNHXMz9vOeovOxi,,UNKNOWN UNIT: 2jJlCvNHXMz9vOeovOxi,EZOEydwTa9Wp1yi7dxJ6
Garlic,AGkrf7qgPeTfLf0inX2Y,,4,05XvWFaStwOWiXFRpAs1,,UNKNOWN UNIT: 05XvWFaStwOWiXFRpAs1,b4XMSUpesGAdkNYY500B
Garlic Powder,bcypMARswiOWsaeH6zMB,,,,YES,,tqIPKxqQIVzdEcGbqtdN
Ginger Fresh,bcypMARswiOWsaeH6zMB,,,,YES,,NDp0UWuASuajh1qvvWlQ
Ginger Ground,bcypMARswiOWsaeH6zMB,,,,YES,,kS5nzkjdC7TJSDqwJMGB
Goat Cheese,7cJ3IVlwpr2uaEF6C6wc,oFyx2ysZTeaMzjlKR5iE,76,Vt4ZmN7FYHf5NcuDmx9y,,UNKNOWN UNIT: Vt4ZmN7FYHf5NcuDmx9y,QazfaYBZa9wBVoNJdRrD
Graham Crackers,szKtrvchbpNUZ7a9La3l,VTw2cvK1qDEp6ohVBMCT,59,gSgL7mUWGzd3wXRH9Bxv,,UNKNOWN UNIT: gSgL7mUWGzd3wXRH9Bxv,zfPWofH9wAHKnICVnT7N
Granulated Sugar,BMIrCHKScNU3abUmVkuv,,46,k4Ni3YyE4nqP94ELwnjG,,UNKNOWN UNIT: k4Ni3YyE4nqP94ELwnjG,iNcs4nkzsrfSMjRfvEQL
Grapefruit,8CTHsv71Qz8vlypODCDJ,,52,gSgL7mUWGzd3wXRH9Bxv,,UNKNOWN UNIT: gSgL7mUWGzd3wXRH9Bxv,xXPBbdnlzUa28YyPYeNC
Grapes,8CTHsv71Qz8vlypODCDJ,,104,hDLlytRxUGrHJowCsjbT,,UNKNOWN UNIT: hDLlytRxUGrHJowCsjbT,qwbQGcRRWzZ2YSrdIsuH
Green Beans,AGkrf7qgPeTfLf0inX2Y,,31,hDLlytRxUGrHJowCsjbT,,UNKNOWN UNIT: hDLlytRxUGrHJowCsjbT,BQypGzSVQDxUxSa9qvXl
Green Onions,AGkrf7qgPeTfLf0inX2Y,,11,Vt4ZmN7FYHf5NcuDmx9y,,UNKNOWN UNIT: Vt4ZmN7FYHf5NcuDmx9y,GCTNXPXQWMoYuJ2rsMcz
Ground Beef,mvzNaHx1UuU5f3HH2WoJ,,76,Vt4ZmN7FYHf5NcuDmx9y,,UNKNOWN UNIT: Vt4ZmN7FYHf5NcuDmx9y,Kge8kHTWB1xyuM5wCN64
Ground Beef Lean,mvzNaHx1UuU5f3HH2WoJ,,76,Vt4ZmN7FYHf5NcuDmx9y,,UNKNOWN UNIT: Vt4ZmN7FYHf5NcuDmx9y,KmP8eQ5gVLZ3i0Dj9OpL
Ground Chicken,TE79MtKEePkUqPCWo4u3,,45,Vt4ZmN7FYHf5NcuDmx9y,,UNKNOWN UNIT: Vt4ZmN7FYHf5NcuDmx9y,lrYVtsyCWMHsHDA23vC0
Ground Lamb,mvzNaHx1UuU5f3HH2WoJ,,80,Vt4ZmN7FYHf5NcuDmx9y,,UNKNOWN UNIT: Vt4ZmN7FYHf5NcuDmx9y,tmKvu8vXkxigndyHoYeA
Ground Pork,mvzNaHx1UuU5f3HH2WoJ,,72,Vt4ZmN7FYHf5NcuDmx9y,,UNKNOWN UNIT: Vt4ZmN7FYHf5NcuDmx9y,iIxzZd6Zj0kX1rRm39D3
Ground Turkey,TE79MtKEePkUqPCWo4u3,,55,Vt4ZmN7FYHf5NcuDmx9y,,UNKNOWN UNIT: Vt4ZmN7FYHf5NcuDmx9y,riPxfKUJLuWseGhQH48g
Gruyere Cheese,7cJ3IVlwpr2uaEF6C6wc,oFyx2ysZTeaMzjlKR5iE,117,Vt4ZmN7FYHf5NcuDmx9y,,UNKNOWN UNIT: Vt4ZmN7FYHf5NcuDmx9y,rV2PbM7tOuY5h6WiUdAd
Guacamole,O2Z02HKKf9JTtoeiQh5x,,23,k4Ni3YyE4nqP94ELwnjG,,UNKNOWN UNIT: k4Ni3YyE4nqP94ELwnjG,tISOwmfECNGbt7aHfLKu
Half and Half,7cJ3IVlwpr2uaEF6C6wc,oFyx2ysZTeaMzjlKR5iE,20,k4Ni3YyE4nqP94ELwnjG,,UNKNOWN UNIT: k4Ni3YyE4nqP94ELwnjG,p2CuVkdkj6SVV9j1CKTZ
Halibut,1C1EvDHavQbfHRv5zMrS,aeUxtlHx6r4PRb6yXQ1v,40,Vt4ZmN7FYHf5NcuDmx9y,,UNKNOWN UNIT: Vt4ZmN7FYHf5NcuDmx9y,ubDGTpNJ0oiCG8xBivwA
Ham,mvzNaHx1UuU5f3HH2WoJ,,52,Vt4ZmN7FYHf5NcuDmx9y,,UNKNOWN UNIT: Vt4ZmN7FYHf5NcuDmx9y,WSAcpbZoJYTcGfWiMjfc
Hamburger Buns,6ByBuJQwgq1lXIHLHOvV,,120,gSgL7mUWGzd3wXRH9Bxv,,UNKNOWN UNIT: gSgL7mUWGzd3wXRH9Bxv,SynbnUnCw7zjEiE0pv92
Hazelnuts,BveAgdiS6rrth7zZX32G,b3gz741WuPlrd23Pf3R1,178,Vt4ZmN7FYHf5NcuDmx9y,,UNKNOWN UNIT: Vt4ZmN7FYHf5NcuDmx9y,kbXaDh5ILnOCD17G2Kqv
Heavy Whipping Cream,7cJ3IVlwpr2uaEF6C6wc,oFyx2ysZTeaMzjlKR5iE,52,k4Ni3YyE4nqP94ELwnjG,,UNKNOWN UNIT: k4Ni3YyE4nqP94ELwnjG,dvueJaNZ39PT3Uleuitj
Hoisin Sauce,5pGEfBRwBluSytngrPAX,,35,k4Ni3YyE4nqP94ELwnjG,,UNKNOWN UNIT: k4Ni3YyE4nqP94ELwnjG,6C4Bw5jB9HHAA9t6nnFw
Honey,BMIrCHKScNU3abUmVkuv,,64,k4Ni3YyE4nqP94ELwnjG,,UNKNOWN UNIT: k4Ni3YyE4nqP94ELwnjG,UZLcikI7LFMWq967odL1
Hot Dog Buns,6ByBuJQwgq1lXIHLHOvV,,120,gSgL7mUWGzd3wXRH9Bxv,,UNKNOWN UNIT: gSgL7mUWGzd3wXRH9Bxv,YbWzQWQRGn4Z6PtaAY5s
Hot Sauce,5pGEfBRwBluSytngrPAX,,1,T6WPD7zkddmFHN2uxAMJ,,UNKNOWN UNIT: T6WPD7zkddmFHN2uxAMJ,3Ldgd5twASoCUBib7oMM
Hummus,O2Z02HKKf9JTtoeiQh5x,,25,k4Ni3YyE4nqP94ELwnjG,,UNKNOWN UNIT: k4Ni3YyE4nqP94ELwnjG,J3yQIqJeDxaYuhBA1Phv
Iceberg Lettuce,AGkrf7qgPeTfLf0inX2Y,,10,hDLlytRxUGrHJowCsjbT,,UNKNOWN UNIT: hDLlytRxUGrHJowCsjbT,4269JWGyM96okYrKRAtg
Instant Yeast,BMIrCHKScNU3abUmVkuv,,3,T6WPD7zkddmFHN2uxAMJ,,UNKNOWN UNIT: T6WPD7zkddmFHN2uxAMJ,MMvn6vCiAaPEHtAC3fx2
Italian Bread,6ByBuJQwgq1lXIHLHOvV,,81,2jJlCvNHXMz9vOeovOxi,,UNKNOWN UNIT: 2jJlCvNHXMz9vOeovOxi,LJS6YAPUUbPgMSIKfCBX
Italian Dressing,O2Z02HKKf9JTtoeiQh5x,,43,k4Ni3YyE4nqP94ELwnjG,,UNKNOWN UNIT: k4Ni3YyE4nqP94ELwnjG,M8JrfE0PkyRPlmU99IFT
Italian Sausage,mvzNaHx1UuU5f3HH2WoJ,,90,Vt4ZmN7FYHf5NcuDmx9y,,UNKNOWN UNIT: Vt4ZmN7FYHf5NcuDmx9y,uWw3zhZEdpxPSz0nuGV3
Italian Seasoning,bcypMARswiOWsaeH6zMB,,,,YES,,seui4P8EzI2ANUYmroSD
Jalapeno,AGkrf7qgPeTfLf0inX2Y,,4,gSgL7mUWGzd3wXRH9Bxv,,UNKNOWN UNIT: gSgL7mUWGzd3wXRH9Bxv,HvTYBOj4GXQXPnPNrqZe
Jasmine Rice,rEuRQP6cACC7VDlP5t3a,,37,k4Ni3YyE4nqP94ELwnjG,,UNKNOWN UNIT: k4Ni3YyE4nqP94ELwnjG,fmHW0itTjGOyI8zEb85s
Jello,BMIrCHKScNU3abUmVkuv,,80,hDLlytRxUGrHJowCsjbT,,UNKNOWN UNIT: hDLlytRxUGrHJowCsjbT,o82Ut03MseFl0NP1e9Dh
Kahlua,tt9RfEe3A4PHNw4T7Dz2,,91,vtM0l5WIwsRczGUbiI08,,UNKNOWN UNIT: vtM0l5WIwsRczGUbiI08,VrQKxEikeAwX5twjGa1d
Kale,AGkrf7qgPeTfLf0inX2Y,,33,hDLlytRxUGrHJowCsjbT,,UNKNOWN UNIT: hDLlytRxUGrHJowCsjbT,rW8EFvfbIzXzPTDPwbiA
Kidney Beans,hjvfckqseJmesnlp0UT5,,225,hDLlytRxUGrHJowCsjbT,,UNKNOWN UNIT: hDLlytRxUGrHJowCsjbT,CzGgxqLGaDYIswNzhP7e
Lamb Chops,mvzNaHx1UuU5f3HH2WoJ,,73,Vt4ZmN7FYHf5NcuDmx9y,,UNKNOWN UNIT: Vt4ZmN7FYHf5NcuDmx9y,yRiYd43Uzkzq6e4zd1QE
Lasagna Noodles,rEuRQP6cACC7VDlP5t3a,VTw2cvK1qDEp6ohVBMCT,196,hDLlytRxUGrHJowCsjbT,,UNKNOWN UNIT: hDLlytRxUGrHJowCsjbT,mGG4FtCaNEov0RS5YmK1
Leeks,AGkrf7qgPeTfLf0inX2Y,,54,hDLlytRxUGrHJowCsjbT,,UNKNOWN UNIT: hDLlytRxUGrHJowCsjbT,uKODobkJPka7IZEPP017
Lemon Extract,Qx1JjwWIE0kKIzUNsFFc,,,,YES,,kDXM08UTR7iHp5Ty73SB
Lemon Juice,gTjFOMpKzT8Ebfp5gLhW,,4,k4Ni3YyE4nqP94ELwnjG,,UNKNOWN UNIT: k4Ni3YyE4nqP94ELwnjG,QYUgruHmWlaTryhJ1Ix9
Lemons,8CTHsv71Qz8vlypODCDJ,,17,gSgL7mUWGzd3wXRH9Bxv,,UNKNOWN UNIT: gSgL7mUWGzd3wXRH9Bxv,iEMAqb5GU1fmYRirfnVu
Lentils Green,hjvfckqseJmesnlp0UT5,,45,k4Ni3YyE4nqP94ELwnjG,,UNKNOWN UNIT: k4Ni3YyE4nqP94ELwnjG,9mbxXWBoo18WVvvA20lw
Lentils Red,hjvfckqseJmesnlp0UT5,,45,k4Ni3YyE4nqP94ELwnjG,,UNKNOWN UNIT: k4Ni3YyE4nqP94ELwnjG,5q0ZdKYbHLdqzymBnuQs
Lime Juice,gTjFOMpKzT8Ebfp5gLhW,,4,k4Ni3YyE4nqP94ELwnjG,,UNKNOWN UNIT: k4Ni3YyE4nqP94ELwnjG,38SRQqyE541OZKHfh45w
Limes,8CTHsv71Qz8vlypODCDJ,,20,gSgL7mUWGzd3wXRH9Bxv,,UNKNOWN UNIT: gSgL7mUWGzd3wXRH9Bxv,qbId9tXLaMCiWDphMSlP
Linguine,rEuRQP6cACC7VDlP5t3a,,220,hDLlytRxUGrHJowCsjbT,,UNKNOWN UNIT: hDLlytRxUGrHJowCsjbT,tW64KggDReyqjZjOquWY
Lobster,1C1EvDHavQbfHRv5zMrS,95MQFeWPV90vOQ718SHy,28,Vt4ZmN7FYHf5NcuDmx9y,,UNKNOWN UNIT: Vt4ZmN7FYHf5NcuDmx9y,OkU3gp83fn8BU8c0Odwt
M&Ms,szKtrvchbpNUZ7a9La3l,,70,k4Ni3YyE4nqP94ELwnjG,,UNKNOWN UNIT: k4Ni3YyE4nqP94ELwnjG,rBsS64bCWkuVZFt9JmKV
Macadamia Nuts,BveAgdiS6rrth7zZX32G,b3gz741WuPlrd23Pf3R1,204,Vt4ZmN7FYHf5NcuDmx9y,,UNKNOWN UNIT: Vt4ZmN7FYHf5NcuDmx9y,LkMqGc5W5XHGQ5BUjJA1
Mangoes,8CTHsv71Qz8vlypODCDJ,,99,gSgL7mUWGzd3wXRH9Bxv,,UNKNOWN UNIT: gSgL7mUWGzd3wXRH9Bxv,FBsBA0yNlvqOTcsAb9ws
Maple Syrup,BMIrCHKScNU3abUmVkuv,,52,k4Ni3YyE4nqP94ELwnjG,,UNKNOWN UNIT: k4Ni3YyE4nqP94ELwnjG,H4nyfnQxUnxxVH8fgUgS
Mascarpone,7cJ3IVlwpr2uaEF6C6wc,,120,k4Ni3YyE4nqP94ELwnjG,,UNKNOWN UNIT: k4Ni3YyE4nqP94ELwnjG,fwEsf5cIagi7KRhh4q8v
Mayonnaise,O2Z02HKKf9JTtoeiQh5x,bgFLzxDbMei3DVFXnE8Z,90,k4Ni3YyE4nqP94ELwnjG,,UNKNOWN UNIT: k4Ni3YyE4nqP94ELwnjG,QQ8fzznyOOrRB1DJKCVo
Milk,7cJ3IVlwpr2uaEF6C6wc,oFyx2ysZTeaMzjlKR5iE,7.6,k4Ni3YyE4nqP94ELwnjG,,UNKNOWN UNIT: k4Ni3YyE4nqP94ELwnjG,IqwnXnj6qAWbLxdmNenR
Milk Chocolate Bar,szKtrvchbpNUZ7a9La3l,oFyx2ysZTeaMzjlKR5iE,15,k4Ni3YyE4nqP94ELwnjG,,UNKNOWN UNIT: k4Ni3YyE4nqP94ELwnjG,l3qJ3v0P14W2GGw3G7mt
Milk Chocolate Chips,szKtrvchbpNUZ7a9La3l,oFyx2ysZTeaMzjlKR5iE,15,k4Ni3YyE4nqP94ELwnjG,,UNKNOWN UNIT: k4Ni3YyE4nqP94ELwnjG,VBs4i73LCzmFHHeiufIa
Mini Marshmallows,szKtrvchbpNUZ7a9La3l,,23,k4Ni3YyE4nqP94ELwnjG,,UNKNOWN UNIT: k4Ni3YyE4nqP94ELwnjG,1vIggurgmwErJtIN6X2m
Mint Fresh,bcypMARswiOWsaeH6zMB,,,,YES,,PfwBuUEXFcZjH8Rs11JB
Molasses,BMIrCHKScNU3abUmVkuv,,58,k4Ni3YyE4nqP94ELwnjG,,UNKNOWN UNIT: k4Ni3YyE4nqP94ELwnjG,FmtI0Q3Ob7MxsJb9aZNo
Mozzarella Cheese,7cJ3IVlwpr2uaEF6C6wc,oFyx2ysZTeaMzjlKR5iE,85,Vt4ZmN7FYHf5NcuDmx9y,,UNKNOWN UNIT: Vt4ZmN7FYHf5NcuDmx9y,TE6oA87pDb8S9S6mXaiY
Mushrooms Button,AGkrf7qgPeTfLf0inX2Y,,15,hDLlytRxUGrHJowCsjbT,,UNKNOWN UNIT: hDLlytRxUGrHJowCsjbT,M0JwsuFT4D2owZv1HVQ8
Mushrooms Cremini,AGkrf7qgPeTfLf0inX2Y,,15,hDLlytRxUGrHJowCsjbT,,UNKNOWN UNIT: hDLlytRxUGrHJowCsjbT,25l95uGTOBCfuAfTc6F4
Mushrooms Portobello,AGkrf7qgPeTfLf0inX2Y,,22,hDLlytRxUGrHJowCsjbT,,UNKNOWN UNIT: hDLlytRxUGrHJowCsjbT,OXRfez6fFtyXaQEipwn7
Mushrooms Shiitake,AGkrf7qgPeTfLf0inX2Y,,40,hDLlytRxUGrHJowCsjbT,,UNKNOWN UNIT: hDLlytRxUGrHJowCsjbT,6wsNOk90HSV0CTWwd2GD
Mussels,1C1EvDHavQbfHRv5zMrS,95MQFeWPV90vOQ718SHy,49,Vt4ZmN7FYHf5NcuDmx9y,,UNKNOWN UNIT: Vt4ZmN7FYHf5NcuDmx9y,iZyHWAYX26iyp7PAuQsf
Naan,6ByBuJQwgq1lXIHLHOvV,,262,gSgL7mUWGzd3wXRH9Bxv,,UNKNOWN UNIT: gSgL7mUWGzd3wXRH9Bxv,oXU5k0V17qMsanSEDiAN
Navy Beans,hjvfckqseJmesnlp0UT5,,255,hDLlytRxUGrHJowCsjbT,,UNKNOWN UNIT: hDLlytRxUGrHJowCsjbT,7x7HMpcl1DnhODWJag54
Nutmeg,bcypMARswiOWsaeH6zMB,,,,YES,,aE4eEBO0smizkQQLJfCB
Nutritional Yeast,bcypMARswiOWsaeH6zMB,,25,k4Ni3YyE4nqP94ELwnjG,,UNKNOWN UNIT: k4Ni3YyE4nqP94ELwnjG,SfQ4LD5qy9rxkIAljZ1h
Old Bay Seasoning,bcypMARswiOWsaeH6zMB,,,,YES,,C8ItnhxEhwqmmqsPyTC8
Olive Oil,53HcWqmNeMcAgrjuEZ11,,119,k4Ni3YyE4nqP94ELwnjG,,UNKNOWN UNIT: k4Ni3YyE4nqP94ELwnjG,jayIcOpXeq8FXjRFzcOO
Onion Powder,bcypMARswiOWsaeH6zMB,,11,Vt4ZmN7FYHf5NcuDmx9y,,UNKNOWN UNIT: Vt4ZmN7FYHf5NcuDmx9y,OthiNy21cCBeu3EWnC5B
Orange Juice,gTjFOMpKzT8Ebfp5gLhW,,112,hDLlytRxUGrHJowCsjbT,,UNKNOWN UNIT: hDLlytRxUGrHJowCsjbT,eELtSB6a17cBYWRef7HP
Oranges,8CTHsv71Qz8vlypODCDJ,,62,gSgL7mUWGzd3wXRH9Bxv,,UNKNOWN UNIT: gSgL7mUWGzd3wXRH9Bxv,e5uJl3MkVEgnUJLONfM9
Oregano Dried,bcypMARswiOWsaeH6zMB,,,,YES,,HO4VtEHUC001ptJFVhYG
Oregano Fresh,bcypMARswiOWsaeH6zMB,,,,YES,,tV5yXdqb1WH87xn4pyHu
Oreos,szKtrvchbpNUZ7a9La3l,,53,gSgL7mUWGzd3wXRH9Bxv,,UNKNOWN UNIT: gSgL7mUWGzd3wXRH9Bxv,h2pMi4ekJlzG99cshzwe
Oyster Sauce,5pGEfBRwBluSytngrPAX,95MQFeWPV90vOQ718SHy,9,k4Ni3YyE4nqP94ELwnjG,,UNKNOWN UNIT: k4Ni3YyE4nqP94ELwnjG,v0Lrb6uSMLqv4f5t0mC1
Oysters,1C1EvDHavQbfHRv5zMrS,95MQFeWPV90vOQ718SHy,41,Vt4ZmN7FYHf5NcuDmx9y,,UNKNOWN UNIT: Vt4ZmN7FYHf5NcuDmx9y,NY3qmm7dbEckx09sMBia
Paprika,bcypMARswiOWsaeH6zMB,,,,YES,,52NWrm1L57e0K0Aaypoq
Paprika Smoked,bcypMARswiOWsaeH6zMB,,,,YES,,bvb4f8IrpMSnQsWbrbwG
Parmesan Cheese,7cJ3IVlwpr2uaEF6C6wc,oFyx2ysZTeaMzjlKR5iE,22,k4Ni3YyE4nqP94ELwnjG,,UNKNOWN UNIT: k4Ni3YyE4nqP94ELwnjG,GytCRaDmdLc4qnuWl6DS
Parsley Dried,bcypMARswiOWsaeH6zMB,,,,YES,,vNMSZ3bLM6sdAL1PmRcN
Parsley Fresh,bcypMARswiOWsaeH6zMB,,,,YES,,cYtLuBtXvRg6Yz5JRCfw
Peaches,8CTHsv71Qz8vlypODCDJ,,59,gSgL7mUWGzd3wXRH9Bxv,,UNKNOWN UNIT: gSgL7mUWGzd3wXRH9Bxv,ooQGJkCASUrnExZG9K6K
Peanut Butter,hjvfckqseJmesnlp0UT5,oFyx2ysZTeaMzjlKR5iE|yK00xP1FEIYZNee4FBeU,102,k4Ni3YyE4nqP94ELwnjG,,UNKNOWN UNIT: k4Ni3YyE4nqP94ELwnjG,cuJSfFVgWpVknkigmHuV
Peanut Butter Chips,szKtrvchbpNUZ7a9La3l,oFyx2ysZTeaMzjlKR5iE|yK00xP1FEIYZNee4FBeU,102,k4Ni3YyE4nqP94ELwnjG,,UNKNOWN UNIT: k4Ni3YyE4nqP94ELwnjG,I5yLD7VzYDu2kE6IB92Y
Peanuts,hjvfckqseJmesnlp0UT5,yK00xP1FEIYZNee4FBeU,166,Vt4ZmN7FYHf5NcuDmx9y,,UNKNOWN UNIT: Vt4ZmN7FYHf5NcuDmx9y,1OQz7OYkVou4oQ4cakDY
Pears,8CTHsv71Qz8vlypODCDJ,,101,gSgL7mUWGzd3wXRH9Bxv,,UNKNOWN UNIT: gSgL7mUWGzd3wXRH9Bxv,oMayLXExnAcF84EmjNRD
Peas Fresh,AGkrf7qgPeTfLf0inX2Y,,118,hDLlytRxUGrHJowCsjbT,,UNKNOWN UNIT: hDLlytRxUGrHJowCsjbT,MQRHd7OCGsNE9wkcnhI3
Peas Frozen,AGkrf7qgPeTfLf0inX2Y,,103,hDLlytRxUGrHJowCsjbT,,UNKNOWN UNIT: hDLlytRxUGrHJowCsjbT,DbnjGbPWJTyxL8O47ENT
Pecans,BveAgdiS6rrth7zZX32G,b3gz741WuPlrd23Pf3R1,47,k4Ni3YyE4nqP94ELwnjG,,UNKNOWN UNIT: k4Ni3YyE4nqP94ELwnjG,K8TAhOBztxUIz8M9vJMe
Pectin,7cJ3IVlwpr2uaEF6C6wc,,,k4Ni3YyE4nqP94ELwnjG,YES,UNKNOWN UNIT: k4Ni3YyE4nqP94ELwnjG,uKd6iHhL8L8J0LR2ski6
Penne,rEuRQP6cACC7VDlP5t3a,,220,hDLlytRxUGrHJowCsjbT,,UNKNOWN UNIT: hDLlytRxUGrHJowCsjbT,7Gd21vgbF0zCLUQG0foM
Peppermint Extract,Qx1JjwWIE0kKIzUNsFFc,,,,YES,,KiiN8SnBFPAudpMpKubg
Pepperoni,mvzNaHx1UuU5f3HH2WoJ,,130,Vt4ZmN7FYHf5NcuDmx9y,,UNKNOWN UNIT: Vt4ZmN7FYHf5NcuDmx9y,NKijnjpayrnDtA6B9q9l
Phyllo Dough,6ByBuJQwgq1lXIHLHOvV,,57,gSgL7mUWGzd3wXRH9Bxv,,UNKNOWN UNIT: gSgL7mUWGzd3wXRH9Bxv,Rs4UDq1ol1VxDZG9PIrn
Pie Crust Store Bought,6ByBuJQwgq1lXIHLHOvV,,119,2jJlCvNHXMz9vOeovOxi,,UNKNOWN UNIT: 2jJlCvNHXMz9vOeovOxi,0WmEM7wumOJmoO6Ga3Uy
Pine Nuts,BveAgdiS6rrth7zZX32G,b3gz741WuPlrd23Pf3R1,57,k4Ni3YyE4nqP94ELwnjG,,UNKNOWN UNIT: k4Ni3YyE4nqP94ELwnjG,EwfiUt1oxiFfutJP262V
Pineapple,8CTHsv71Qz8vlypODCDJ,,82,hDLlytRxUGrHJowCsjbT,,UNKNOWN UNIT: hDLlytRxUGrHJowCsjbT,OXRNoocGcM0xyxE8afSF
Pinto Beans,hjvfckqseJmesnlp0UT5,,245,hDLlytRxUGrHJowCsjbT,,UNKNOWN UNIT: hDLlytRxUGrHJowCsjbT,RnIeqgvo5ypsbQgc6x3h
Pistachios,BveAgdiS6rrth7zZX32G,b3gz741WuPlrd23Pf3R1,159,Vt4ZmN7FYHf5NcuDmx9y,,UNKNOWN UNIT: Vt4ZmN7FYHf5NcuDmx9y,EJYncJ6w8pS5Hr92WLLt
Pita Bread,6ByBuJQwgq1lXIHLHOvV,,165,gSgL7mUWGzd3wXRH9Bxv,,UNKNOWN UNIT: gSgL7mUWGzd3wXRH9Bxv,dQZKIfAg5XWIItuTlU16
Pizza Dough,6ByBuJQwgq1lXIHLHOvV,,130,2jJlCvNHXMz9vOeovOxi,,UNKNOWN UNIT: 2jJlCvNHXMz9vOeovOxi,E9kM2xkCmNJvhAishuU1
Plums,8CTHsv71Qz8vlypODCDJ,,30,gSgL7mUWGzd3wXRH9Bxv,,UNKNOWN UNIT: gSgL7mUWGzd3wXRH9Bxv,Tdu4XYiwtJVXrUCAxVkG
Poblano Pepper,AGkrf7qgPeTfLf0inX2Y,,48,gSgL7mUWGzd3wXRH9Bxv,,UNKNOWN UNIT: gSgL7mUWGzd3wXRH9Bxv,pZkU8E3rRBug9kubJPuO
Pork Chops,mvzNaHx1UuU5f3HH2WoJ,,60,Vt4ZmN7FYHf5NcuDmx9y,,UNKNOWN UNIT: Vt4ZmN7FYHf5NcuDmx9y,dn3vttOsoYVRw1BU2Fy4
Pork Tenderloin,mvzNaHx1UuU5f3HH2WoJ,,46,Vt4ZmN7FYHf5NcuDmx9y,,UNKNOWN UNIT: Vt4ZmN7FYHf5NcuDmx9y,7mIrhNGsu84P9QpmgQNe
Powdered Sugar,BMIrCHKScNU3abUmVkuv,,46,k4Ni3YyE4nqP94ELwnjG,,UNKNOWN UNIT: k4Ni3YyE4nqP94ELwnjG,BCs0ItxInrT2WtD7Q3O3
Pretzels (whole- snack sized),6ByBuJQwgq1lXIHLHOvV,VTw2cvK1qDEp6ohVBMCT,8,gSgL7mUWGzd3wXRH9Bxv,,UNKNOWN UNIT: gSgL7mUWGzd3wXRH9Bxv,WlC1z69I0dKVylm84mQC
Prosciutto,mvzNaHx1UuU5f3HH2WoJ,,55,Vt4ZmN7FYHf5NcuDmx9y,,UNKNOWN UNIT: Vt4ZmN7FYHf5NcuDmx9y,8yzC9ZWVpfX7tBtf8oUe
Puff Pastry,6ByBuJQwgq1lXIHLHOvV,,170,2jJlCvNHXMz9vOeovOxi,,UNKNOWN UNIT: 2jJlCvNHXMz9vOeovOxi,25BmaIFbaWoIeHQXJ3J8
Quinoa,rEuRQP6cACC7VDlP5t3a,,55,k4Ni3YyE4nqP94ELwnjG,,UNKNOWN UNIT: k4Ni3YyE4nqP94ELwnjG,p2y2GWoNmFcDO8cn4RdS
Radishes,AGkrf7qgPeTfLf0inX2Y,,19,hDLlytRxUGrHJowCsjbT,,UNKNOWN UNIT: hDLlytRxUGrHJowCsjbT,FsbgoifavLmiQHFRy2x3
Raisins,8CTHsv71Qz8vlypODCDJ,,129,hDLlytRxUGrHJowCsjbT,,UNKNOWN UNIT: hDLlytRxUGrHJowCsjbT,uDQ3vwKOk76LLgelpLW3
Ramen Noodles,rEuRQP6cACC7VDlP5t3a,VTw2cvK1qDEp6ohVBMCT,188,hDLlytRxUGrHJowCsjbT,,UNKNOWN UNIT: hDLlytRxUGrHJowCsjbT,wF6qPuoQsaJwqre6HjRZ
Ranch Dressing,O2Z02HKKf9JTtoeiQh5x,,73,k4Ni3YyE4nqP94ELwnjG,,UNKNOWN UNIT: k4Ni3YyE4nqP94ELwnjG,RDWVtbNLVUEsFEyyzoVh
Raspberries,8CTHsv71Qz8vlypODCDJ,,64,hDLlytRxUGrHJowCsjbT,,UNKNOWN UNIT: hDLlytRxUGrHJowCsjbT,mG3UwZW2c0BLYyCgcOHE
Raw Sugar,BMIrCHKScNU3abUmVkuv,,46,k4Ni3YyE4nqP94ELwnjG,,UNKNOWN UNIT: k4Ni3YyE4nqP94ELwnjG,RJ6c2ky4Hf1ihHdL8WrF
Red Onion,AGkrf7qgPeTfLf0inX2Y,,11,Vt4ZmN7FYHf5NcuDmx9y,,UNKNOWN UNIT: Vt4ZmN7FYHf5NcuDmx9y,NU03NVwvrliCX6KZMvs1
Red Pepper Flakes,bcypMARswiOWsaeH6zMB,,,,YES,,tXeUKuoLsgs1HbhF8gfp
Red Potato,AGkrf7qgPeTfLf0inX2Y,,26,Vt4ZmN7FYHf5NcuDmx9y,,UNKNOWN UNIT: Vt4ZmN7FYHf5NcuDmx9y,049vI5vCqoqHFqlD1713
Red Wine,gTjFOMpKzT8Ebfp5gLhW,,125,hDLlytRxUGrHJowCsjbT,,UNKNOWN UNIT: hDLlytRxUGrHJowCsjbT,DMc0QaT9gM9wjoZUfGmi
Red Wine Vinegar,gTjFOMpKzT8Ebfp5gLhW,,3,k4Ni3YyE4nqP94ELwnjG,,UNKNOWN UNIT: k4Ni3YyE4nqP94ELwnjG,JtpdUaqwL34911fSkMT4
Reeses Pieces,szKtrvchbpNUZ7a9La3l,,88,k4Ni3YyE4nqP94ELwnjG,,UNKNOWN UNIT: k4Ni3YyE4nqP94ELwnjG,MNVpooY00bPas7DBejvn
Ribeye Steak,mvzNaHx1UuU5f3HH2WoJ,,77,Vt4ZmN7FYHf5NcuDmx9y,,UNKNOWN UNIT: Vt4ZmN7FYHf5NcuDmx9y,WAJAuOEdxcbw5xV2wCpS
Rice Noodles,rEuRQP6cACC7VDlP5t3a,VTw2cvK1qDEp6ohVBMCT,37,k4Ni3YyE4nqP94ELwnjG,,UNKNOWN UNIT: k4Ni3YyE4nqP94ELwnjG,5RgYoSJxbZfiGF9nmWP7
Rice Vinegar,gTjFOMpKzT8Ebfp5gLhW,,37,k4Ni3YyE4nqP94ELwnjG,,UNKNOWN UNIT: k4Ni3YyE4nqP94ELwnjG,nsX8El5EeLCQ1H7Q5wd6
Ricotta Cheese,7cJ3IVlwpr2uaEF6C6wc,oFyx2ysZTeaMzjlKR5iE,39,k4Ni3YyE4nqP94ELwnjG,,UNKNOWN UNIT: k4Ni3YyE4nqP94ELwnjG,KXUqz9fGdsUPeJ3wGYYM
Rigatoni,rEuRQP6cACC7VDlP5t3a,,220,hDLlytRxUGrHJowCsjbT,,UNKNOWN UNIT: hDLlytRxUGrHJowCsjbT,HekSWKIDjyhxJVueb56P
Rolled Oats,rEuRQP6cACC7VDlP5t3a,,19,hDLlytRxUGrHJowCsjbT,,UNKNOWN UNIT: hDLlytRxUGrHJowCsjbT,PrLlRQYTJ1PJ7EghhCAA
Rollo's (candy),szKtrvchbpNUZ7a9La3l,oFyx2ysZTeaMzjlKR5iE|yK00xP1FEIYZNee4FBeU,28,gSgL7mUWGzd3wXRH9Bxv,,UNKNOWN UNIT: gSgL7mUWGzd3wXRH9Bxv,MKM7k3YVvr8cBoVjhev8
Roma Tomatoes,AGkrf7qgPeTfLf0inX2Y,,35,gSgL7mUWGzd3wXRH9Bxv,,UNKNOWN UNIT: gSgL7mUWGzd3wXRH9Bxv,UuFAvtvfpM8UlDaGGbAC
Romaine Lettuce,AGkrf7qgPeTfLf0inX2Y,,8,hDLlytRxUGrHJowCsjbT,,UNKNOWN UNIT: hDLlytRxUGrHJowCsjbT,zUcRGcAGHhEAqbOIPkwn
Rosemary Dried,bcypMARswiOWsaeH6zMB,,,,YES,,Df9OFBtzhAHtj3HoxJvb
Rosemary Fresh,bcypMARswiOWsaeH6zMB,,,,YES,,SvUCtr0WKEJBjYh3fvgJ
Rum,tt9RfEe3A4PHNw4T7Dz2,,65,vtM0l5WIwsRczGUbiI08,,UNKNOWN UNIT: vtM0l5WIwsRczGUbiI08,jJQESbDzAf5v7opehgtO
Russet Potato,AGkrf7qgPeTfLf0inX2Y,,26,Vt4ZmN7FYHf5NcuDmx9y,,UNKNOWN UNIT: Vt4ZmN7FYHf5NcuDmx9y,RNC5Pf8KeVoqNoD0sNZv
Sage Dried,bcypMARswiOWsaeH6zMB,,,,YES,,vQnwRc8UtLRVfVJDHDIV
Sage Fresh,bcypMARswiOWsaeH6zMB,,,,YES,,AYPWO78F7aB0myANfuZx
Salmon Fillet,1C1EvDHavQbfHRv5zMrS,aeUxtlHx6r4PRb6yXQ1v,58,Vt4ZmN7FYHf5NcuDmx9y,,UNKNOWN UNIT: Vt4ZmN7FYHf5NcuDmx9y,lBLCDhONkINMyg8AvvK1
Salsa,O2Z02HKKf9JTtoeiQh5x,,10,k4Ni3YyE4nqP94ELwnjG,,UNKNOWN UNIT: k4Ni3YyE4nqP94ELwnjG,EhJSQxkR4rxa0K6bzrCF
Salt,BMIrCHKScNU3abUmVkuv,,,T6WPD7zkddmFHN2uxAMJ,YES,UNKNOWN UNIT: T6WPD7zkddmFHN2uxAMJ,4gx78eNW2RSWcZIWFClt
Salt Kosher,bcypMARswiOWsaeH6zMB,,,T6WPD7zkddmFHN2uxAMJ,YES,UNKNOWN UNIT: T6WPD7zkddmFHN2uxAMJ,vKAnp1DigNC5x4WJFTQZ
Salt Sea,bcypMARswiOWsaeH6zMB,,,T6WPD7zkddmFHN2uxAMJ,YES,UNKNOWN UNIT: T6WPD7zkddmFHN2uxAMJ,vUjm0508pRN3VIJzhAIJ
Sandwich Bread,6ByBuJQwgq1lXIHLHOvV,,67,2jJlCvNHXMz9vOeovOxi,,UNKNOWN UNIT: 2jJlCvNHXMz9vOeovOxi,x9se7E44UBhK3IkN1q6l
Sardines,1C1EvDHavQbfHRv5zMrS,aeUxtlHx6r4PRb6yXQ1v,59,Vt4ZmN7FYHf5NcuDmx9y,,UNKNOWN UNIT: Vt4ZmN7FYHf5NcuDmx9y,59Sk5NOBky0AFQ7f1pLQ
Scallops,1C1EvDHavQbfHRv5zMrS,95MQFeWPV90vOQ718SHy,26,Vt4ZmN7FYHf5NcuDmx9y,,UNKNOWN UNIT: Vt4ZmN7FYHf5NcuDmx9y,0QZHL3ZSfvA0OILbz3Hl
Self-Rising Flour,BMIrCHKScNU3abUmVkuv,VTw2cvK1qDEp6ohVBMCT,28,k4Ni3YyE4nqP94ELwnjG,,UNKNOWN UNIT: k4Ni3YyE4nqP94ELwnjG,HkIYPpJRmVkpSxdnWd3o
Semi-Sweet Chocolate Chips,szKtrvchbpNUZ7a9La3l,,70,k4Ni3YyE4nqP94ELwnjG,,UNKNOWN UNIT: k4Ni3YyE4nqP94ELwnjG,MpakG0gExL8cbtw323Tf
Serrano Pepper,AGkrf7qgPeTfLf0inX2Y,,2,gSgL7mUWGzd3wXRH9Bxv,,UNKNOWN UNIT: gSgL7mUWGzd3wXRH9Bxv,2RjnDBuLjFka3jDbVwMO
Sesame Oil,53HcWqmNeMcAgrjuEZ11,Nl94qyfe7Hj8W8g7O7ek,120,k4Ni3YyE4nqP94ELwnjG,,UNKNOWN UNIT: k4Ni3YyE4nqP94ELwnjG,lXGs68veOAiNhwwasAr7
Sesame Seeds,BveAgdiS6rrth7zZX32G,yK00xP1FEIYZNee4FBeU|b3gz741WuPlrd23Pf3R1,20,T6WPD7zkddmFHN2uxAMJ,,UNKNOWN UNIT: T6WPD7zkddmFHN2uxAMJ,SWHQRkogQFsrpMljkSFX
Shallots,AGkrf7qgPeTfLf0inX2Y,,58,hDLlytRxUGrHJowCsjbT,,UNKNOWN UNIT: hDLlytRxUGrHJowCsjbT,7pZup7a7lW4WDuecuf2d
Shrimp,1C1EvDHavQbfHRv5zMrS,95MQFeWPV90vOQ718SHy,28,Vt4ZmN7FYHf5NcuDmx9y,,UNKNOWN UNIT: Vt4ZmN7FYHf5NcuDmx9y,gQbGrCjJAiN1dRvMhRDR
Sirloin Steak,mvzNaHx1UuU5f3HH2WoJ,,58,Vt4ZmN7FYHf5NcuDmx9y,,UNKNOWN UNIT: Vt4ZmN7FYHf5NcuDmx9y,0IV7PnFmRowrjI7j5Aep
Sour Cream,7cJ3IVlwpr2uaEF6C6wc,oFyx2ysZTeaMzjlKR5iE,30,k4Ni3YyE4nqP94ELwnjG,,UNKNOWN UNIT: k4Ni3YyE4nqP94ELwnjG,RJdMdSYKJetZmja2UuiJ
Sourdough Bread,6ByBuJQwgq1lXIHLHOvV,,93,2jJlCvNHXMz9vOeovOxi,,UNKNOWN UNIT: 2jJlCvNHXMz9vOeovOxi,3NRvkkymyNpLwJR2LO7D
Soy Sauce,5pGEfBRwBluSytngrPAX,xpu4JD0LqL2P0IJ9wCOB|VTw2cvK1qDEp6ohVBMCT,11,k4Ni3YyE4nqP94ELwnjG,,UNKNOWN UNIT: k4Ni3YyE4nqP94ELwnjG,kCoHbazuJ1PlBUvZb2PL
Spaghetti,rEuRQP6cACC7VDlP5t3a,,220,hDLlytRxUGrHJowCsjbT,,UNKNOWN UNIT: hDLlytRxUGrHJowCsjbT,Ef1rFsKuoQ4uSI41Donf
Spinach,AGkrf7qgPeTfLf0inX2Y,,7,hDLlytRxUGrHJowCsjbT,,UNKNOWN UNIT: hDLlytRxUGrHJowCsjbT,0wAcrtq1vDCKkFjEbSuu
Sprinkles,szKtrvchbpNUZ7a9La3l,,20,k4Ni3YyE4nqP94ELwnjG,,UNKNOWN UNIT: k4Ni3YyE4nqP94ELwnjG,K5T0CAx2bfCnEWd4qmwG
Sriracha,5pGEfBRwBluSytngrPAX,,5,T6WPD7zkddmFHN2uxAMJ,,UNKNOWN UNIT: T6WPD7zkddmFHN2uxAMJ,PsZW8nDy9pp71IpZWQoS
Steel Cut Oats,rEuRQP6cACC7VDlP5t3a,,38,k4Ni3YyE4nqP94ELwnjG,,UNKNOWN UNIT: k4Ni3YyE4nqP94ELwnjG,ddhtE16L9GkYbpxtchQt
Strawberries,8CTHsv71Qz8vlypODCDJ,,49,hDLlytRxUGrHJowCsjbT,,UNKNOWN UNIT: hDLlytRxUGrHJowCsjbT,776nHxAlaOfpcAeyxZb9
Sun-Dried Tomatoes,AGkrf7qgPeTfLf0inX2Y,,139,hDLlytRxUGrHJowCsjbT,,UNKNOWN UNIT: hDLlytRxUGrHJowCsjbT,TiWABjvjUJqdfpBu332T
Sweet Potato,AGkrf7qgPeTfLf0inX2Y,,26,Vt4ZmN7FYHf5NcuDmx9y,,UNKNOWN UNIT: Vt4ZmN7FYHf5NcuDmx9y,5mOeEfu1delVOz5uPuo2
Sweetened Condensed Milk,7cJ3IVlwpr2uaEF6C6wc,oFyx2ysZTeaMzjlKR5iE,15,k4Ni3YyE4nqP94ELwnjG,,UNKNOWN UNIT: k4Ni3YyE4nqP94ELwnjG,B3KOksZXl8DfEe2KF2ux
Tapioca Starch,BMIrCHKScNU3abUmVkuv,,30,k4Ni3YyE4nqP94ELwnjG,,UNKNOWN UNIT: k4Ni3YyE4nqP94ELwnjG,S9Kj72ZB0Zl8YbDCJZAo
Teriyaki Sauce,5pGEfBRwBluSytngrPAX,,16,k4Ni3YyE4nqP94ELwnjG,,UNKNOWN UNIT: k4Ni3YyE4nqP94ELwnjG,Q0IUL439Xfi2mkAECFYx
Thyme Dried,bcypMARswiOWsaeH6zMB,,,,YES,,R4zQXYXXaB0N8DYXtUbi
Thyme Fresh,bcypMARswiOWsaeH6zMB,,,,YES,,azoD0RONkHI0wP2gJqd0
Tilapia,1C1EvDHavQbfHRv5zMrS,aeUxtlHx6r4PRb6yXQ1v,36,Vt4ZmN7FYHf5NcuDmx9y,,UNKNOWN UNIT: Vt4ZmN7FYHf5NcuDmx9y,4IsrhmlDS3KwAaZ51j4H
Tilapia Fillet,1C1EvDHavQbfHRv5zMrS,aeUxtlHx6r4PRb6yXQ1v,115,gSgL7mUWGzd3wXRH9Bxv,,UNKNOWN UNIT: gSgL7mUWGzd3wXRH9Bxv,qfgXH7RKI2YDgTimMZr5
Toffee Bits,szKtrvchbpNUZ7a9La3l,,70,k4Ni3YyE4nqP94ELwnjG,,UNKNOWN UNIT: k4Ni3YyE4nqP94ELwnjG,n530211UVrVv0PPHxmm3
Tofu Firm,hjvfckqseJmesnlp0UT5,xpu4JD0LqL2P0IJ9wCOB,70,hDLlytRxUGrHJowCsjbT,,UNKNOWN UNIT: hDLlytRxUGrHJowCsjbT,un0by23F0P06uxMnM1LJ
Tofu Silken,hjvfckqseJmesnlp0UT5,xpu4JD0LqL2P0IJ9wCOB,45,hDLlytRxUGrHJowCsjbT,,UNKNOWN UNIT: hDLlytRxUGrHJowCsjbT,97wiSxtw6aS9eZTlq0bc
Tomato Ketchup,O2Z02HKKf9JTtoeiQh5x,,15,k4Ni3YyE4nqP94ELwnjG,,UNKNOWN UNIT: k4Ni3YyE4nqP94ELwnjG,x4KpRai2jdoj4BfuHuhY
Tomato Paste,5pGEfBRwBluSytngrPAX,,13,k4Ni3YyE4nqP94ELwnjG,,UNKNOWN UNIT: k4Ni3YyE4nqP94ELwnjG,ksuTRC7yplzlqJpQempP
Tomato Sauce Canned,5pGEfBRwBluSytngrPAX,,59,hDLlytRxUGrHJowCsjbT,,UNKNOWN UNIT: hDLlytRxUGrHJowCsjbT,F19q2xZhem3Dio11k1Gn
Tomato Soup,5pGEfBRwBluSytngrPAX,,115,hDLlytRxUGrHJowCsjbT,,UNKNOWN UNIT: hDLlytRxUGrHJowCsjbT,do2oklTRxpME6FOmB7qa
Tomatoes,AGkrf7qgPeTfLf0inX2Y,,32,hDLlytRxUGrHJowCsjbT,,UNKNOWN UNIT: hDLlytRxUGrHJowCsjbT,l8vseek0cUE3QUfpp97U
Tortilla Chips,6ByBuJQwgq1lXIHLHOvV,,8,gSgL7mUWGzd3wXRH9Bxv,,UNKNOWN UNIT: gSgL7mUWGzd3wXRH9Bxv,lb25kLJcIYLYvr11JSBv
Tuna Canned,1C1EvDHavQbfHRv5zMrS,aeUxtlHx6r4PRb6yXQ1v,39,Vt4ZmN7FYHf5NcuDmx9y,,UNKNOWN UNIT: Vt4ZmN7FYHf5NcuDmx9y,XFM2lWV3wnRd2Tgl03hC
Tuna Steak,1C1EvDHavQbfHRv5zMrS,aeUxtlHx6r4PRb6yXQ1v,39,Vt4ZmN7FYHf5NcuDmx9y,,UNKNOWN UNIT: Vt4ZmN7FYHf5NcuDmx9y,ifIng62St7ZyV3wxyNfX
Turkey Breast,TE79MtKEePkUqPCWo4u3,,38,Vt4ZmN7FYHf5NcuDmx9y,,UNKNOWN UNIT: Vt4ZmN7FYHf5NcuDmx9y,dITk6r6chQhldhFW2iay
Turmeric,bcypMARswiOWsaeH6zMB,,,,YES,,pMRrn4FpC0m19WrqG9Xc
Unflavored Gelatin,BMIrCHKScNU3abUmVkuv,,20,k4Ni3YyE4nqP94ELwnjG,,UNKNOWN UNIT: k4Ni3YyE4nqP94ELwnjG,eEyIpIYWicZVja8sGUi7
Vanilla Extract,Qx1JjwWIE0kKIzUNsFFc,,12,T6WPD7zkddmFHN2uxAMJ,,UNKNOWN UNIT: T6WPD7zkddmFHN2uxAMJ,ULCcKIFRMSKsGCbCy0eE
Vegetable Broth,5pGEfBRwBluSytngrPAX,,12,hDLlytRxUGrHJowCsjbT,,UNKNOWN UNIT: hDLlytRxUGrHJowCsjbT,969rsTGnfOuQqw3hdi6f
Vegetable Oil,53HcWqmNeMcAgrjuEZ11,,120,k4Ni3YyE4nqP94ELwnjG,,UNKNOWN UNIT: k4Ni3YyE4nqP94ELwnjG,A3SM06DuruiJ0lYTJWA8
Walnuts,BveAgdiS6rrth7zZX32G,b3gz741WuPlrd23Pf3R1,48,k4Ni3YyE4nqP94ELwnjG,,UNKNOWN UNIT: k4Ni3YyE4nqP94ELwnjG,P3c6UjQSt7OTJ64isMDs
Water,gTjFOMpKzT8Ebfp5gLhW,,,hDLlytRxUGrHJowCsjbT,YES,UNKNOWN UNIT: hDLlytRxUGrHJowCsjbT,Vzm5WKY43csSglfrmcUh
Watermelon,8CTHsv71Qz8vlypODCDJ,,86,hDLlytRxUGrHJowCsjbT,,UNKNOWN UNIT: hDLlytRxUGrHJowCsjbT,rltgRxd1dzO0WRS8Sv4O
White Chocolate Chips,szKtrvchbpNUZ7a9La3l,,70,k4Ni3YyE4nqP94ELwnjG,,UNKNOWN UNIT: k4Ni3YyE4nqP94ELwnjG,IMJcNJf9NGGoNZf7zUjC
White Onion,AGkrf7qgPeTfLf0inX2Y,,11,Vt4ZmN7FYHf5NcuDmx9y,,UNKNOWN UNIT: Vt4ZmN7FYHf5NcuDmx9y,NZ5rCA2bEV37rcqk5iqN
White Pepper,bcypMARswiOWsaeH6zMB,,,,YES,,Uioqsvko9nWs5TqFWEid
White Rice,rEuRQP6cACC7VDlP5t3a,,37,k4Ni3YyE4nqP94ELwnjG,,UNKNOWN UNIT: k4Ni3YyE4nqP94ELwnjG,tUqvqJ88zJdynj46goxN
White Wine,gTjFOMpKzT8Ebfp5gLhW,,121,hDLlytRxUGrHJowCsjbT,,UNKNOWN UNIT: hDLlytRxUGrHJowCsjbT,HUCZJd0CxX4N2FDlBsCp
White Wine Vinegar,gTjFOMpKzT8Ebfp5gLhW,,3,k4Ni3YyE4nqP94ELwnjG,,UNKNOWN UNIT: k4Ni3YyE4nqP94ELwnjG,zcehsaDFlqOP671pZU3O
Whole Chicken,TE79MtKEePkUqPCWo4u3,,54,Vt4ZmN7FYHf5NcuDmx9y,,UNKNOWN UNIT: Vt4ZmN7FYHf5NcuDmx9y,jMTk3sEzFzrFJsGccYA5
Whole Grain Mustard,O2Z02HKKf9JTtoeiQh5x,,10,k4Ni3YyE4nqP94ELwnjG,,UNKNOWN UNIT: k4Ni3YyE4nqP94ELwnjG,DZWkmkwQuVLgkpIgKqio
Whole Tomatoes Canned,5pGEfBRwBluSytngrPAX,,41,hDLlytRxUGrHJowCsjbT,,UNKNOWN UNIT: hDLlytRxUGrHJowCsjbT,W7q0wkM4BiMAjWR8QZGr
Whole Turkey,TE79MtKEePkUqPCWo4u3,,54,Vt4ZmN7FYHf5NcuDmx9y,,UNKNOWN UNIT: Vt4ZmN7FYHf5NcuDmx9y,T2Y5sR9CFWQumlwkfvlF
Whole Wheat Bread,6ByBuJQwgq1lXIHLHOvV,VTw2cvK1qDEp6ohVBMCT,69,2jJlCvNHXMz9vOeovOxi,,UNKNOWN UNIT: 2jJlCvNHXMz9vOeovOxi,TiYdaZgw05tnUhOlOYAr
Whole Wheat Flour,BMIrCHKScNU3abUmVkuv,VTw2cvK1qDEp6ohVBMCT,28,k4Ni3YyE4nqP94ELwnjG,,UNKNOWN UNIT: k4Ni3YyE4nqP94ELwnjG,cm1mQ7mTYEjLmGKP7T97
Wild Rice,rEuRQP6cACC7VDlP5t3a,,37,k4Ni3YyE4nqP94ELwnjG,,UNKNOWN UNIT: k4Ni3YyE4nqP94ELwnjG,6Aum0BZeyUqxtNhQ3dEg
Worcestershire Sauce,5pGEfBRwBluSytngrPAX,aeUxtlHx6r4PRb6yXQ1v,15,k4Ni3YyE4nqP94ELwnjG,,UNKNOWN UNIT: k4Ni3YyE4nqP94ELwnjG,SI1iOijurlKPvfxeibBa
Yellow Mustard,O2Z02HKKf9JTtoeiQh5x,,9,k4Ni3YyE4nqP94ELwnjG,,UNKNOWN UNIT: k4Ni3YyE4nqP94ELwnjG,V9nzxyHXqDJ9JsX3JfiW
Yellow Onion,AGkrf7qgPeTfLf0inX2Y,,11,Vt4ZmN7FYHf5NcuDmx9y,,UNKNOWN UNIT: Vt4ZmN7FYHf5NcuDmx9y,QmCzPuxTQ6t3W9sdTiv4
Yellow Squash,AGkrf7qgPeTfLf0inX2Y,,36,hDLlytRxUGrHJowCsjbT,,UNKNOWN UNIT: hDLlytRxUGrHJowCsjbT,9bZXYWW0uBtaTUrYgHvv
Yogurt - Greek,7cJ3IVlwpr2uaEF6C6wc,oFyx2ysZTeaMzjlKR5iE,135,hDLlytRxUGrHJowCsjbT,,UNKNOWN UNIT: hDLlytRxUGrHJowCsjbT,xxMOdSWnsgAEYkTet9wi
Yukon Gold Potato,AGkrf7qgPeTfLf0inX2Y,,26,Vt4ZmN7FYHf5NcuDmx9y,,UNKNOWN UNIT: Vt4ZmN7FYHf5NcuDmx9y,lGCTzYnpsPnqls3HflKB
Zucchini,AGkrf7qgPeTfLf0inX2Y,,21,hDLlytRxUGrHJowCsjbT,,UNKNOWN UNIT: hDLlytRxUGrHJowCsjbT,hSWKgbHJDNEfv6IW1Sjx
